split,group_level,method,config_label,group_ratio,ablation_type,n_samples,success_rate_mean,success_rate_std,confidence_mean,confidence_std,l2_mean,l2_std,channels_mean,channels_std,sensor_groups_mean,sensor_groups_std,modality_groups_mean,modality_groups_std,temporal_grad_mean,temporal_grad_std,iterations_mean,iterations_std,time_mean,time_std
subject,modality,sa,SA (SHAP r=0.3),0.300000,sa_ratio_sweep,150,72.666667,44.716357,50.838124,30.471644,34.940765,16.309770,10.726667,1.892751,3.440000,0.498050,3.953333,0.211631,0.011873,0.014292,161.260000,45.130747,2.935402,1.220080
subject,modality,sa,SA (SHAP r=0.6),0.600000,sa_ratio_sweep,150,80.666667,39.623508,61.168708,33.266956,43.398871,15.997311,21.306667,5.595956,6.113333,0.596822,8.520000,0.910196,0.024168,0.032576,166.300000,41.778860,3.138015,1.350498
subject,modality,sa,SA (SHAP r=0.9),0.900000,sa_ratio_sweep,150,93.333333,25.027949,75.901099,25.750800,47.622961,17.856284,29.813333,8.550197,7.780000,0.554058,12.706667,1.724465,0.021050,0.031074,177.580000,35.552640,3.243951,1.155924
